Player,Country,Team,Assists,Season
Kevin De Bruyne,Belgium,Manchester City,18,2016-2017
Christian Eriksen,Denmark,Tottenham Hotspur,15,2016-2017
Gylfi Sigurðsson,Iceland,Swansea City,13,2016-2017
Cesc Fàbregas,Spain,Chelsea FC,11,2016-2017
Alexis Sánchez,Chile,Arsenal FC,10,2016-2017
Mesut Özil,Germany,Arsenal FC,9,2016-2017
Pedro,Spain,Chelsea FC,9,2016-2017
Georginio Wijnaldum,Netherlands,Liverpool FC,9,2016-2017
Wilfried Zaha,Ivory Coast,Crystal Palace,9,2016-2017
Ross Barkley,England,Everton FC,8,2016-2017
Nemanja Matić,Serbia,Chelsea FC,8,2016-2017
Matthew Phillips,Scotland,West Bromwich Albion,8,2016-2017
Dele Alli,England,Tottenham Hotspur,7,2016-2017
David Silva,Spain,Manchester City,7,2016-2017
Diego Costa,Brazil,Chelsea FC,7,2016-2017
Harry Kane,England,Tottenham Hotspur,7,2016-2017
Adam Lallana,England,Liverpool FC,7,2016-2017
Alex Oxlade-Chamberlain,England,Arsenal FC,7,2016-2017
Philippe Coutinho,Brazil,Liverpool FC,7,2016-2017
Roberto Firmino,Brazil,Liverpool FC,7,2016-2017
Raheem Sterling,England,Manchester City,7,2016-2017
Marc Albrighton,England,Leicester City,6,2016-2017
Ander Herrera,Spain,Manchester United,6,2016-2017
Romelu Lukaku,Belgium,Everton FC,6,2016-2017
Anthony Martial,France,Manchester United,6,2016-2017
Kevin Mirallas,Belgium,Everton FC,6,2016-2017
Dimitri Payet,France,West Ham United,6,2016-2017
Heung-min Son,South Korea,Tottenham Hotspur,6,2016-2017
Marko Arnautović,Austria,Stoke City,5,2016-2017
Nacer Chadli,Belgium,West Bromwich Albion,5,2016-2017
Ryan Fraser,Scotland,AFC Bournemouth,5,2016-2017
Eden Hazard,Belgium,Chelsea FC,5,2016-2017
Zlatan Ibrahimović,Sweden,Manchester United,5,2016-2017
Sadio Mané,Senegal,Liverpool FC,5,2016-2017
Jason Puncheon,England,Crystal Palace,5,2016-2017
Wayne Rooney,England,Manchester United,5,2016-2017
Adam Smith,England,AFC Bournemouth,5,2016-2017
Robert Snodgrass,Scotland,West Ham United,5,2016-2017
Junior Stanislas,England,AFC Bournemouth,5,2016-2017
Dušan Tadić,Serbia,Southampton FC,5,2016-2017
Kieran Trippier,England,Tottenham Hotspur,5,2016-2017
Jamie Vardy,England,Leicester City,5,2016-2017
Kyle Walker,England,Tottenham Hotspur,5,2016-2017
Álvaro Negredo,Spain,Middlesbrough FC,4,2016-2017
Harry Arter,Ireland,AFC Bournemouth,4,2016-2017
Ryan Bertrand,England,Southampton FC,4,2016-2017
Yannick Bolasie,Congo DR,Everton FC,4,2016-2017
Chris Brunt,Northern Ireland,West Bromwich Albion,4,2016-2017
José Cholevas,Greece,Watford FC,4,2016-2017
Troy Deeney,England,Watford FC,4,2016-2017
Christian Fuchs,Austria,Leicester City,4,2016-2017
Gabriel Jesus,Brazil,Manchester City,4,2016-2017
Héctor Bellerín,Spain,Arsenal FC,4,2016-2017
Jordan Henderson,England,Liverpool FC,4,2016-2017
Paul Pogba,France,Manchester United,4,2016-2017
Aaron Ramsey,Wales,Arsenal FC,4,2016-2017
Islam Slimani,Algeria,Leicester City,4,2016-2017
Andros Townsend,England,Crystal Palace,4,2016-2017
James Ward-Prowse,England,Southampton FC,4,2016-2017
Charlie Adam,Scotland,Stoke City,3,2016-2017
Benik Afobe,Congo DR,AFC Bournemouth,3,2016-2017
Sergio Agüero,Argentina,Manchester City,3,2016-2017
Nordin Amrabat,Morocco,Watford FC,3,2016-2017
Michail Antonio,Jamaica,West Ham United,3,2016-2017
André Ayew,Ghana,West Ham United,3,2016-2017
Jordan Ayew,Ghana,Swansea City,3,2016-2017
Azpilicueta,Spain,Chelsea FC,3,2016-2017
Leighton Baines,England,Everton FC,3,2016-2017
Yohan Cabaye,France,Crystal Palace,3,2016-2017
Cédric,Portugal,Southampton FC,3,2016-2017
Séamus Coleman,Ireland,Everton FC,3,2016-2017
Charlie Daniels,England,AFC Bournemouth,3,2016-2017
Ben Davies,Wales,Tottenham Hotspur,3,2016-2017
Tom Davies,England,Everton FC,3,2016-2017
Steven Davis,Northern Ireland,Southampton FC,3,2016-2017
Steven Defour,Belgium,Burnley FC,3,2016-2017
Stewart Downing,England,Middlesbrough FC,3,2016-2017
Sofiane Féghouli,Algeria,West Ham United,3,2016-2017
Viktor Fischer,Denmark,Middlesbrough FC,3,2016-2017
Darren Fletcher,Scotland,West Bromwich Albion,3,2016-2017
Olivier Giroud,France,Arsenal FC,3,2016-2017
Andre Gray,Jamaica,Burnley FC,3,2016-2017
Demarai Gray,Jamaica,Leicester City,3,2016-2017
Kamil Grosicki,Poland,Hull City,3,2016-2017
Abel Hernández,Uruguay,Hull City,3,2016-2017
Kelechi Iheanacho,Nigeria,Manchester City,3,2016-2017
Alex Iwobi,Nigeria,Arsenal FC,3,2016-2017
Adnan Januzaj,Belgium,Sunderland AFC,3,2016-2017
Juan Mata,Spain,Manchester United,3,2016-2017
Lucas Leiva,Brazil,Liverpool FC,3,2016-2017
Riyad Mahrez,Algeria,Leicester City,3,2016-2017
Marcos Alonso,Spain,Chelsea FC,3,2016-2017
James McArthur,Scotland,Crystal Palace,3,2016-2017
James Milner,England,Liverpool FC,3,2016-2017
Luciano Narsingh,Netherlands,Swansea City,3,2016-2017
Divock Origi,Belgium,Liverpool FC,3,2016-2017
Gastón Ramírez,Uruguay,Middlesbrough FC,3,2016-2017
Leroy Sané,Germany,Manchester City,3,2016-2017
Antonio Valencia,Ecuador,Manchester United,3,2016-2017
Sam Vokes,Wales,Burnley FC,3,2016-2017
Ashley Williams,Wales,Everton FC,3,2016-2017
Joe Allen,Wales,Stoke City,2,2016-2017
Ashley Barnes,England,Burnley FC,2,2016-2017
Modou Barrow,Gambia,Swansea City,2,2016-2017
Christian Benteke,Belgium,Crystal Palace,2,2016-2017
Daley Blind,Netherlands,Manchester United,2,2016-2017
Robbie Brady,Ireland,Burnley FC,2,2016-2017
Miguel Britos,Uruguay,Watford FC,2,2016-2017
Emre Can,Germany,Liverpool FC,2,2016-2017
Tom Carroll,England,Tottenham Hotspur,2,2016-2017
Adam Clayton,England,Middlesbrough FC,2,2016-2017
Tom Cleverley,England,Watford FC,2,2016-2017
Nathaniel Clyne,England,Liverpool FC,2,2016-2017
Lewis Cook,England,AFC Bournemouth,2,2016-2017
Aaron Cresswell,England,West Ham United,2,2016-2017
Peter Crouch,England,Stoke City,2,2016-2017
Curtis Davies,England,Hull City,2,2016-2017
Jermain Defoe,England,Sunderland AFC,2,2016-2017
Damien Delaney,Ireland,Crystal Palace,2,2016-2017
Mousa Dembélé,Belgium,Tottenham Hotspur,2,2016-2017
Mame Diouf,Senegal,Stoke City,2,2016-2017
Ahmed Elmohamady,Egypt,Hull City,2,2016-2017
Leroy Fer,Netherlands,Swansea City,2,2016-2017
George Friend,England,Middlesbrough FC,2,2016-2017
Jóhann Guðmundsson,Iceland,Burnley FC,2,2016-2017
Robert Huth,Germany,Leicester City,2,2016-2017
Phil Jagielka,England,Everton FC,2,2016-2017
Vincent Janssen,Netherlands,Tottenham Hotspur,2,2016-2017
Martin Kelly,England,Crystal Palace,2,2016-2017
Joshua King,Norway,AFC Bournemouth,2,2016-2017
Manuel Lanzini,Argentina,West Ham United,2,2016-2017
Jesse Lingard,England,Manchester United,2,2016-2017
Matthew Lowton,England,Burnley FC,2,2016-2017
Harry Maguire,England,Hull City,2,2016-2017
Shaun Maloney,Scotland,Hull City,2,2016-2017
Dean Marney,England,Burnley FC,2,2016-2017
James McClean,Ireland,West Bromwich Albion,2,2016-2017
Victor Moses,Nigeria,Chelsea FC,2,2016-2017
Shkodran Mustafi,Germany,Arsenal FC,2,2016-2017
Nacho Monreal,Spain,Arsenal FC,2,2016-2017
M'Baye Niang,Senegal,Watford FC,2,2016-2017
Nolito,Spain,Manchester City,2,2016-2017
Allan Nyom,Cameroon,West Bromwich Albion,2,2016-2017
Roberto Pereyra,Argentina,Watford FC,2,2016-2017
Marc Pugh,England,AFC Bournemouth,2,2016-2017
Andrea Ranocchia,Italy,Hull City,2,2016-2017
Winston Reid,New Zealand,West Ham United,2,2016-2017
Andy Robertson,Scotland,Hull City,2,2016-2017
Hal Robson-Kanu,Wales,West Bromwich Albion,2,2016-2017
Jay Rodriguez,England,Southampton FC,2,2016-2017
Salomón Rondón,Venezuela,West Bromwich Albion,2,2016-2017
Danny Rose,England,Tottenham Hotspur,2,2016-2017
Santi Cazorla,Spain,Arsenal FC,2,2016-2017
Xherdan Shaqiri,Switzerland,Stoke City,2,2016-2017
Danny Simpson,England,Leicester City,2,2016-2017
Moussa Sissoko,France,Tottenham Hotspur,2,2016-2017
Theo Walcott,England,Arsenal FC,2,2016-2017
Jon Walters,Ireland,Stoke City,2,2016-2017
Duncan Watmore,England,Sunderland AFC,2,2016-2017
Danny Welbeck,England,Arsenal FC,2,2016-2017
Willian,Brazil,Chelsea FC,2,2016-2017
Jack Wilshere,England,Arsenal FC,2,2016-2017
Granit Xhaka,Switzerland,Arsenal FC,2,2016-2017
Adama Traoré,Spain,Middlesbrough FC,1,2016-2017
Nathan Aké,Netherlands,Chelsea FC,1,2016-2017
Alberto Moreno,Spain,Liverpool FC,1,2016-2017
Daniel Amartey,Ghana,Leicester City,1,2016-2017
Charlie Austin,England,Southampton FC,1,2016-2017
Gareth Barry,England,Everton FC,1,2016-2017
Michy Batshuayi,Belgium,Chelsea FC,1,2016-2017
George Boyd,Scotland,Burnley FC,1,2016-2017
Sam Byram,England,West Ham United,1,2016-2017
Geoff Cameron,USA,Stoke City,1,2016-2017
Étienne Capoue,France,Watford FC,1,2016-2017
Andy Carroll,England,West Ham United,1,2016-2017
Craig Cathcart,Northern Ireland,Watford FC,1,2016-2017
Nathaniel Chalobah,England,Chelsea FC,1,2016-2017
Calum Chambers,England,Middlesbrough FC,1,2016-2017
Jordy Clasie,Netherlands,Southampton FC,1,2016-2017
Sam Clucas,England,Hull City,1,2016-2017
Scott Dann,England,Crystal Palace,1,2016-2017
Danny Drinkwater,England,Leicester City,1,2016-2017
Nathan Dyer,England,Swansea City,1,2016-2017
Mohamed Elneny,Egypt,Arsenal FC,1,2016-2017
Jonny Evans,Northern Ireland,West Bromwich Albion,1,2016-2017
Federico Fernández,Argentina,Swansea City,1,2016-2017
Fernandinho,Brazil,Manchester City,1,2016-2017
Adam Forshaw,England,Middlesbrough FC,1,2016-2017
Simon Francis,England,AFC Bournemouth,1,2016-2017
Ezekiel Fryers,England,Crystal Palace,1,2016-2017
Ramiro Funes Mori,Argentina,Everton FC,1,2016-2017
Craig Gardner,England,West Bromwich Albion,1,2016-2017
Kieran Gibbs,England,Arsenal FC,1,2016-2017
Ben Gibson,England,Middlesbrough FC,1,2016-2017
Lewis Grabban,Jamaica,AFC Bournemouth,1,2016-2017
Adlène Guédioura,Algeria,Watford FC,1,2016-2017
Idrissa Gueye,Senegal,Everton FC,1,2016-2017
İlkay Gündoğan,Germany,Manchester City,1,2016-2017
Jeff Hendrick,Ireland,Burnley FC,1,2016-2017
Mason Holgate,England,Everton FC,1,2016-2017
Odion Ighalo,Nigeria,Watford FC,1,2016-2017
Daryl Janmaat,Netherlands,Watford FC,1,2016-2017
Joel,Spain,Everton FC,1,2016-2017
N'Golo Kanté,France,Chelsea FC,1,2016-2017
Michael Keane,England,Burnley FC,1,2016-2017
Sung-yueng Ki,South Korea,Swansea City,1,2016-2017
Aleksandar Kolarov,Serbia,Manchester City,1,2016-2017
Érik Lamela,Argentina,Tottenham Hotspur,1,2016-2017
Sebastian Larsson,Sweden,Sunderland AFC,1,2016-2017
Chung-yong Lee,South Korea,Crystal Palace,1,2016-2017
Jonathan Leko,England,West Bromwich Albion,1,2016-2017
Aaron Lennon,England,Everton FC,1,2016-2017
Filip Lesniak,Slovakia,Tottenham Hotspur,1,2016-2017
Jake Livermore,England,West Bromwich Albion,1,2016-2017
Llorente,Spain,Swansea City,1,2016-2017
Shane Long,Ireland,Southampton FC,1,2016-2017
Donald Love,Scotland,Sunderland AFC,1,2016-2017
Dejan Lovren,Croatia,Liverpool FC,1,2016-2017
Arthur Masuaku,Congo DR,West Ham United,1,2016-2017
Dieumerci Mbokani,Congo DR,Hull City,1,2016-2017
Gareth McAuley,Northern Ireland,West Bromwich Albion,1,2016-2017
James McCarthy,Ireland,Everton FC,1,2016-2017
Henrikh Mkhitaryan,Armenia,Manchester United,1,2016-2017
Jefferson Montero,Ecuador,Swansea City,1,2016-2017
James Morrison,Scotland,West Bromwich Albion,1,2016-2017
Wilfred Ndidi,Nigeria,Leicester City,1,2016-2017
Oumar Niasse,Senegal,Hull City,1,2016-2017
Håvard Nordtveit,Norway,West Ham United,1,2016-2017
John O'Shea,Ireland,Sunderland AFC,1,2016-2017
Shinji Okazaki,Japan,Leicester City,1,2016-2017
Oscar,Brazil,Chelsea FC,1,2016-2017
Nicolás Otamendi,Argentina,Manchester City,1,2016-2017
Pedro Obiang,Equatorial Guinea,West Ham United,1,2016-2017
Erik Pieters,Netherlands,Stoke City,1,2016-2017
Sebastian Prödl,Austria,Watford FC,1,2016-2017
Marcus Rashford,England,Manchester United,1,2016-2017
Nathan Redmond,England,Southampton FC,1,2016-2017
Jack Rodwell,England,Sunderland AFC,1,2016-2017
Wayne Routledge,England,Swansea City,1,2016-2017
Bacary Sagna,France,Manchester City,1,2016-2017
Luke Shaw,England,Manchester United,1,2016-2017
Ryan Shawcross,England,Stoke City,1,2016-2017
Josh Sims,England,Southampton FC,1,2016-2017
Chris Smalling,England,Manchester United,1,2016-2017
Ramadan Sobhi,Egypt,Stoke City,1,2016-2017
Jack Stephens,England,Southampton FC,1,2016-2017
Daniel Sturridge,England,Liverpool FC,1,2016-2017
Isaac Success,Nigeria,Watford FC,1,2016-2017
Andrew Surman,England,AFC Bournemouth,1,2016-2017
Neil Taylor,Wales,Swansea City,1,2016-2017
Gökhan Töre,Turkey,West Ham United,1,2016-2017
Enner Valencia,Ecuador,West Ham United,1,2016-2017
Patrick van Aanholt,Netherlands,Sunderland AFC,1,2016-2017
Victor Wanyama,Kenya,Tottenham Hotspur,1,2016-2017
Joel Ward,England,Crystal Palace,1,2016-2017
Stephen Ward,Ireland,Burnley FC,1,2016-2017
Glenn Whelan,Ireland,Stoke City,1,2016-2017
Harry Winks,England,Tottenham Hotspur,1,2016-2017
Ashley Young,England,Manchester United,1,2016-2017
Pablo Zabaleta,Argentina,Manchester City,1,2016-2017
Kurt Zouma,France,Chelsea FC,1,2016-2017
